Populations,Haplotypes,segSites,sampleSize
Pop1,2,1,2
Pop1,2,1,2
Pop1,2,1,2
Pop1,2,1,2
Pop1,2,1,2
Pop1,2,1,2
Pop1,2,1,2
Pop1,2,1,2
Pop1,2,1,2
Pop1,2,1,2
Pop1,2,1,2
Pop1,2,1,2
Pop1,2,1,2
Pop1,2,1,2
Pop1,2,1,2
Pop1,2,1,2
Pop1,2,1,2
Pop1,2,1,2
Pop1,2,1,2
Pop1,2,1,2
Pop1,2,1,2
Pop1,2,1,2
Pop1,2,1,2
Pop1,2,1,2
Pop1,2,1,2
Pop1,2,1,2
Pop1,2,1,2
Pop1,2,1,2
Pop1,2,1,2
Pop1,2,1,2
Pop1,2,1,2
Pop1,2,1,2
Pop1,2,1,2
Pop1,2,1,2
Pop1,2,1,2
Pop1,2,1,2
Pop1,2,1,2
Pop1,2,1,2
Pop1,2,1,2
Pop1,2,1,2
Pop1,2,1,2
Pop1,2,1,2
Pop1,2,1,2
Pop1,2,1,2
Pop1,2,1,2
Pop1,2,1,2
Pop1,2,1,2
Pop1,2,1,2
Pop1,2,1,2
Pop1,2,1,2
Pop1,2,1,2
Pop1,2,1,2
Pop1,2,1,2
Pop1,2,1,2
Pop1,2,1,2
Pop1,2,1,2
Pop1,2,1,2
Pop1,2,1,2
Pop1,2,1,2
Pop1,2,1,2
Pop1,2,1,2
Pop1,2,1,2
Pop1,2,1,2
Pop1,2,1,2
Pop1,2,1,2
Pop1,2,1,2
Pop1,2,1,2
Pop1,2,1,2
Pop1,2,1,2
Pop1,2,1,2
Pop1,2,1,2
Pop1,2,1,2
Pop1,2,1,2
Pop1,2,1,2
Pop1,2,1,2
Pop1,2,1,2
Pop1,2,1,2
Pop1,2,1,2
Pop1,2,1,2
Pop1,2,1,2
Pop1,2,1,2
Pop1,2,1,2
Pop1,2,1,2
Pop1,2,1,2
Pop1,2,1,2
Pop1,2,1,2
Pop1,2,1,2
Pop1,2,1,2
Pop1,2,1,2
Pop1,2,1,2
Pop1,2,1,2
Pop1,2,1,2
Pop1,2,1,2
Pop1,2,1,2
Pop1,2,1,2
Pop1,2,1,2
Pop1,2,1,2
Pop1,2,1,2
Pop1,2,1,2
Pop1,2,1,2
Pop1,2,1,4
Pop1,2,1,4
Pop1,2,1,4
Pop1,2,1,4
Pop1,2,1,4
Pop1,2,1,4
Pop1,2,1,4
Pop1,2,1,4
Pop1,2,1,4
Pop1,2,1,4
Pop1,2,1,4
Pop1,2,1,4
Pop1,2,1,4
Pop1,2,1,4
Pop1,2,1,4
Pop1,2,1,4
Pop1,2,1,4
Pop1,2,1,4
Pop1,2,1,4
Pop1,2,1,4
Pop1,2,1,4
Pop1,2,1,4
Pop1,2,1,4
Pop1,2,1,4
Pop1,2,1,4
Pop1,2,1,4
Pop1,2,1,4
Pop1,2,1,4
Pop1,2,1,4
Pop1,2,1,4
Pop1,2,1,4
Pop1,2,1,4
Pop1,2,1,4
Pop1,2,1,4
Pop1,2,1,4
Pop1,2,1,4
Pop1,2,1,4
Pop1,2,1,4
Pop1,2,1,4
Pop1,2,1,4
Pop1,2,1,4
Pop1,2,1,4
Pop1,2,1,4
Pop1,2,1,4
Pop1,2,1,4
Pop1,2,1,4
Pop1,2,1,4
Pop1,2,1,4
Pop1,2,1,4
Pop1,2,1,4
Pop1,2,1,4
Pop1,2,1,4
Pop1,2,1,4
Pop1,2,1,4
Pop1,2,1,4
Pop1,2,1,4
Pop1,2,1,4
Pop1,2,1,4
Pop1,2,1,4
Pop1,2,1,4
Pop1,2,1,4
Pop1,2,1,4
Pop1,2,1,4
Pop1,2,1,4
Pop1,2,1,4
Pop1,2,1,4
Pop1,2,1,4
Pop1,2,1,4
Pop1,2,1,4
Pop1,2,1,4
Pop1,2,1,4
Pop1,2,1,4
Pop1,2,1,4
Pop1,2,1,4
Pop1,2,1,4
Pop1,2,1,4
Pop1,2,1,4
Pop1,2,1,4
Pop1,2,1,4
Pop1,2,1,4
Pop1,2,1,4
Pop1,2,1,4
Pop1,2,1,4
Pop1,2,1,4
Pop1,2,1,4
Pop1,2,1,4
Pop1,2,1,4
Pop1,2,1,4
Pop1,2,1,4
Pop1,2,1,4
Pop1,2,1,4
Pop1,2,1,4
Pop1,2,1,4
Pop1,2,1,4
Pop1,2,1,4
Pop1,2,1,4
Pop1,2,1,4
Pop1,2,1,4
Pop1,2,1,4
Pop1,2,1,4
Pop1,2,1,8
Pop1,2,1,8
Pop1,2,1,8
Pop1,2,1,8
Pop1,2,1,8
Pop1,2,1,8
Pop1,2,1,8
Pop1,2,1,8
Pop1,2,1,8
Pop1,2,1,8
Pop1,2,1,8
Pop1,2,1,8
Pop1,2,1,8
Pop1,2,1,8
Pop1,2,1,8
Pop1,2,1,8
Pop1,2,1,8
Pop1,2,1,8
Pop1,2,1,8
Pop1,2,1,8
Pop1,2,1,8
Pop1,2,1,8
Pop1,2,1,8
Pop1,2,1,8
Pop1,2,1,8
Pop1,2,1,8
Pop1,2,1,8
Pop1,2,1,8
Pop1,2,1,8
Pop1,2,1,8
Pop1,2,1,8
Pop1,2,1,8
Pop1,2,1,8
Pop1,2,1,8
Pop1,2,1,8
Pop1,2,1,8
Pop1,2,1,8
Pop1,2,1,8
Pop1,2,1,8
Pop1,2,1,8
Pop1,2,1,8
Pop1,2,1,8
Pop1,2,1,8
Pop1,2,1,8
Pop1,2,1,8
Pop1,2,1,8
Pop1,2,1,8
Pop1,2,1,8
Pop1,2,1,8
Pop1,2,1,8
Pop1,2,1,8
Pop1,2,1,8
Pop1,2,1,8
Pop1,2,1,8
Pop1,2,1,8
Pop1,2,1,8
Pop1,2,1,8
Pop1,2,1,8
Pop1,2,1,8
Pop1,2,1,8
Pop1,2,1,8
Pop1,2,1,8
Pop1,2,1,8
Pop1,2,1,8
Pop1,2,1,8
Pop1,2,1,8
Pop1,2,1,8
Pop1,2,1,8
Pop1,2,1,8
Pop1,2,1,8
Pop1,2,1,8
Pop1,2,1,8
Pop1,2,1,8
Pop1,2,1,8
Pop1,2,1,8
Pop1,2,1,8
Pop1,2,1,8
Pop1,2,1,8
Pop1,2,1,8
Pop1,2,1,8
Pop1,2,1,8
Pop1,2,1,8
Pop1,2,1,8
Pop1,2,1,8
Pop1,2,1,8
Pop1,2,1,8
Pop1,2,1,8
Pop1,2,1,8
Pop1,2,1,8
Pop1,2,1,8
Pop1,2,1,8
Pop1,2,1,8
Pop1,2,1,8
Pop1,2,1,8
Pop1,2,1,8
Pop1,2,1,8
Pop1,2,1,8
Pop1,2,1,8
Pop1,2,1,8
Pop1,2,1,8
Pop1,3,2,16
Pop1,3,2,16
Pop1,3,2,16
Pop1,3,2,16
Pop1,3,2,16
Pop1,3,2,16
Pop1,3,2,16
Pop1,3,2,16
Pop1,3,2,16
Pop1,3,2,16
Pop1,3,2,16
Pop1,3,2,16
Pop1,3,2,16
Pop1,3,2,16
Pop1,3,2,16
Pop1,3,2,16
Pop1,3,2,16
Pop1,3,2,16
Pop1,3,2,16
Pop1,3,2,16
Pop1,3,2,16
Pop1,3,2,16
Pop1,3,2,16
Pop1,3,2,16
Pop1,3,2,16
Pop1,3,2,16
Pop1,3,2,16
Pop1,3,2,16
Pop1,3,2,16
Pop1,3,2,16
Pop1,3,2,16
Pop1,3,2,16
Pop1,3,2,16
Pop1,3,2,16
Pop1,3,2,16
Pop1,3,2,16
Pop1,3,2,16
Pop1,3,2,16
Pop1,3,2,16
Pop1,3,2,16
Pop1,3,2,16
Pop1,3,2,16
Pop1,3,2,16
Pop1,3,2,16
Pop1,3,2,16
Pop1,3,2,16
Pop1,3,2,16
Pop1,3,2,16
Pop1,3,2,16
Pop1,3,2,16
Pop1,3,2,16
Pop1,3,2,16
Pop1,3,2,16
Pop1,3,2,16
Pop1,3,2,16
Pop1,3,2,16
Pop1,3,2,16
Pop1,3,2,16
Pop1,3,2,16
Pop1,3,2,16
Pop1,3,2,16
Pop1,3,2,16
Pop1,3,2,16
Pop1,3,2,16
Pop1,3,2,16
Pop1,3,2,16
Pop1,3,2,16
Pop1,3,2,16
Pop1,3,2,16
Pop1,3,2,16
Pop1,3,2,16
Pop1,3,2,16
Pop1,3,2,16
Pop1,3,2,16
Pop1,3,2,16
Pop1,3,2,16
Pop1,3,2,16
Pop1,3,2,16
Pop1,3,2,16
Pop1,3,2,16
Pop1,3,2,16
Pop1,3,2,16
Pop1,3,2,16
Pop1,3,2,16
Pop1,3,2,16
Pop1,3,2,16
Pop1,3,2,16
Pop1,3,2,16
Pop1,3,2,16
Pop1,3,2,16
Pop1,3,2,16
Pop1,3,2,16
Pop1,3,2,16
Pop1,3,2,16
Pop1,3,2,16
Pop1,3,2,16
Pop1,3,2,16
Pop1,3,2,16
Pop1,3,2,16
Pop1,3,2,16
Pop1,3,2,32
Pop1,3,2,32
Pop1,3,2,32
Pop1,3,2,32
Pop1,3,2,32
Pop1,3,2,32
Pop1,3,2,32
Pop1,3,2,32
Pop1,3,2,32
Pop1,3,2,32
Pop1,3,2,32
Pop1,3,2,32
Pop1,3,2,32
Pop1,3,2,32
Pop1,3,2,32
Pop1,3,2,32
Pop1,3,2,32
Pop1,3,2,32
Pop1,3,2,32
Pop1,3,2,32
Pop1,3,2,32
Pop1,3,2,32
Pop1,3,2,32
Pop1,3,2,32
Pop1,3,2,32
Pop1,3,2,32
Pop1,3,2,32
Pop1,3,2,32
Pop1,3,2,32
Pop1,3,2,32
Pop1,3,2,32
Pop1,3,2,32
Pop1,3,2,32
Pop1,3,2,32
Pop1,3,2,32
Pop1,3,2,32
Pop1,3,2,32
Pop1,3,2,32
Pop1,3,2,32
Pop1,3,2,32
Pop1,3,2,32
Pop1,3,2,32
Pop1,3,2,32
Pop1,3,2,32
Pop1,3,2,32
Pop1,3,2,32
Pop1,3,2,32
Pop1,3,2,32
Pop1,3,2,32
Pop1,3,2,32
Pop1,3,2,32
Pop1,3,2,32
Pop1,3,2,32
Pop1,3,2,32
Pop1,3,2,32
Pop1,3,2,32
Pop1,3,2,32
Pop1,3,2,32
Pop1,3,2,32
Pop1,3,2,32
Pop1,3,2,32
Pop1,3,2,32
Pop1,3,2,32
Pop1,3,2,32
Pop1,3,2,32
Pop1,3,2,32
Pop1,3,2,32
Pop1,3,2,32
Pop1,3,2,32
Pop1,3,2,32
Pop1,3,2,32
Pop1,3,2,32
Pop1,3,2,32
Pop1,3,2,32
Pop1,3,2,32
Pop1,3,2,32
Pop1,3,2,32
Pop1,3,2,32
Pop1,3,2,32
Pop1,3,2,32
Pop1,3,2,32
Pop1,3,2,32
Pop1,3,2,32
Pop1,3,2,32
Pop1,3,2,32
Pop1,3,2,32
Pop1,3,2,32
Pop1,3,2,32
Pop1,3,2,32
Pop1,3,2,32
Pop1,3,2,32
Pop1,3,2,32
Pop1,3,2,32
Pop1,3,2,32
Pop1,3,2,32
Pop1,3,2,32
Pop1,3,2,32
Pop1,3,2,32
Pop1,3,2,32
Pop1,3,2,32
Pop1,5,4,64
Pop1,5,4,64
Pop1,5,4,64
Pop1,5,4,64
Pop1,5,4,64
Pop1,5,4,64
Pop1,5,4,64
Pop1,5,4,64
Pop1,5,4,64
Pop1,5,4,64
Pop1,5,4,64
Pop1,5,4,64
Pop1,5,4,64
Pop1,5,4,64
Pop1,5,4,64
Pop1,5,4,64
Pop1,5,4,64
Pop1,5,4,64
Pop1,5,4,64
Pop1,5,4,64
Pop1,5,4,64
Pop1,5,4,64
Pop1,5,4,64
Pop1,5,4,64
Pop1,5,4,64
Pop1,5,4,64
Pop1,5,4,64
Pop1,5,4,64
Pop1,5,4,64
Pop1,5,4,64
Pop1,5,4,64
Pop1,5,4,64
Pop1,5,4,64
Pop1,5,4,64
Pop1,5,4,64
Pop1,5,4,64
Pop1,5,4,64
Pop1,5,4,64
Pop1,5,4,64
Pop1,5,4,64
Pop1,5,4,64
Pop1,5,4,64
Pop1,5,4,64
Pop1,5,4,64
Pop1,5,4,64
Pop1,5,4,64
Pop1,5,4,64
Pop1,5,4,64
Pop1,5,4,64
Pop1,5,4,64
Pop1,5,4,64
Pop1,5,4,64
Pop1,5,4,64
Pop1,5,4,64
Pop1,5,4,64
Pop1,5,4,64
Pop1,5,4,64
Pop1,5,4,64
Pop1,5,4,64
Pop1,5,4,64
Pop1,5,4,64
Pop1,5,4,64
Pop1,5,4,64
Pop1,5,4,64
Pop1,5,4,64
Pop1,5,4,64
Pop1,5,4,64
Pop1,5,4,64
Pop1,5,4,64
Pop1,5,4,64
Pop1,5,4,64
Pop1,5,4,64
Pop1,5,4,64
Pop1,5,4,64
Pop1,5,4,64
Pop1,5,4,64
Pop1,5,4,64
Pop1,5,4,64
Pop1,5,4,64
Pop1,5,4,64
Pop1,5,4,64
Pop1,5,4,64
Pop1,5,4,64
Pop1,5,4,64
Pop1,5,4,64
Pop1,5,4,64
Pop1,5,4,64
Pop1,5,4,64
Pop1,5,4,64
Pop1,5,4,64
Pop1,5,4,64
Pop1,5,4,64
Pop1,5,4,64
Pop1,5,4,64
Pop1,5,4,64
Pop1,5,4,64
Pop1,5,4,64
Pop1,5,4,64
Pop1,5,4,64
Pop1,5,4,64
Pop1,7,7,128
Pop1,7,7,128
Pop1,7,7,128
Pop1,7,7,128
Pop1,7,7,128
Pop1,7,7,128
Pop1,7,7,128
Pop1,7,7,128
Pop1,7,7,128
Pop1,7,7,128
Pop1,7,7,128
Pop1,7,7,128
Pop1,7,7,128
Pop1,7,7,128
Pop1,7,7,128
Pop1,7,7,128
Pop1,7,7,128
Pop1,7,7,128
Pop1,7,7,128
Pop1,7,7,128
Pop1,7,7,128
Pop1,7,7,128
Pop1,7,7,128
Pop1,7,7,128
Pop1,7,7,128
Pop1,7,7,128
Pop1,7,7,128
Pop1,7,7,128
Pop1,7,7,128
Pop1,7,7,128
Pop1,7,7,128
Pop1,7,7,128
Pop1,7,7,128
Pop1,7,7,128
Pop1,7,7,128
Pop1,7,7,128
Pop1,7,7,128
Pop1,7,7,128
Pop1,7,7,128
Pop1,7,7,128
Pop1,7,7,128
Pop1,7,7,128
Pop1,7,7,128
Pop1,7,7,128
Pop1,7,7,128
Pop1,7,7,128
Pop1,7,7,128
Pop1,7,7,128
Pop1,7,7,128
Pop1,7,7,128
Pop1,7,7,128
Pop1,7,7,128
Pop1,7,7,128
Pop1,7,7,128
Pop1,7,7,128
Pop1,7,7,128
Pop1,7,7,128
Pop1,7,7,128
Pop1,7,7,128
Pop1,7,7,128
Pop1,7,7,128
Pop1,7,7,128
Pop1,7,7,128
Pop1,7,7,128
Pop1,7,7,128
Pop1,7,7,128
Pop1,7,7,128
Pop1,7,7,128
Pop1,7,7,128
Pop1,7,7,128
Pop1,7,7,128
Pop1,7,7,128
Pop1,7,7,128
Pop1,7,7,128
Pop1,7,7,128
Pop1,7,7,128
Pop1,7,7,128
Pop1,7,7,128
Pop1,7,7,128
Pop1,7,7,128
Pop1,7,7,128
Pop1,7,7,128
Pop1,7,7,128
Pop1,7,7,128
Pop1,7,7,128
Pop1,7,7,128
Pop1,7,7,128
Pop1,7,7,128
Pop1,7,7,128
Pop1,7,7,128
Pop1,7,7,128
Pop1,7,7,128
Pop1,7,7,128
Pop1,7,7,128
Pop1,7,7,128
Pop1,7,7,128
Pop1,7,7,128
Pop1,7,7,128
Pop1,7,7,128
Pop1,7,7,128
Pop2,1,0,2
Pop2,1,0,2
Pop2,1,0,2
Pop2,1,0,2
Pop2,1,0,2
Pop2,1,0,2
Pop2,1,0,2
Pop2,1,0,2
Pop2,1,0,2
Pop2,1,0,2
Pop2,1,0,2
Pop2,1,0,2
Pop2,1,0,2
Pop2,1,0,2
Pop2,1,0,2
Pop2,1,0,2
Pop2,1,0,2
Pop2,1,0,2
Pop2,1,0,2
Pop2,1,0,2
Pop2,1,0,2
Pop2,1,0,2
Pop2,1,0,2
Pop2,1,0,2
Pop2,1,0,2
Pop2,1,0,2
Pop2,1,0,2
Pop2,1,0,2
Pop2,1,0,2
Pop2,1,0,2
Pop2,1,0,2
Pop2,1,0,2
Pop2,1,0,2
Pop2,1,0,2
Pop2,1,0,2
Pop2,1,0,2
Pop2,1,0,2
Pop2,1,0,2
Pop2,1,0,2
Pop2,1,0,2
Pop2,1,0,2
Pop2,1,0,2
Pop2,1,0,2
Pop2,1,0,2
Pop2,1,0,2
Pop2,1,0,2
Pop2,1,0,2
Pop2,1,0,2
Pop2,1,0,2
Pop2,1,0,2
Pop2,1,0,2
Pop2,1,0,2
Pop2,1,0,2
Pop2,1,0,2
Pop2,1,0,2
Pop2,1,0,2
Pop2,1,0,2
Pop2,1,0,2
Pop2,1,0,2
Pop2,1,0,2
Pop2,1,0,2
Pop2,1,0,2
Pop2,1,0,2
Pop2,1,0,2
Pop2,1,0,2
Pop2,1,0,2
Pop2,1,0,2
Pop2,1,0,2
Pop2,1,0,2
Pop2,1,0,2
Pop2,1,0,2
Pop2,1,0,2
Pop2,1,0,2
Pop2,1,0,2
Pop2,1,0,2
Pop2,1,0,2
Pop2,1,0,2
Pop2,1,0,2
Pop2,1,0,2
Pop2,1,0,2
Pop2,1,0,2
Pop2,1,0,2
Pop2,1,0,2
Pop2,1,0,2
Pop2,1,0,2
Pop2,1,0,2
Pop2,1,0,2
Pop2,1,0,2
Pop2,1,0,2
Pop2,1,0,2
Pop2,1,0,2
Pop2,1,0,2
Pop2,1,0,2
Pop2,1,0,2
Pop2,1,0,2
Pop2,1,0,2
Pop2,1,0,2
Pop2,1,0,2
Pop2,1,0,2
Pop2,1,0,2
Pop2,2,1,4
Pop2,2,1,4
Pop2,2,1,4
Pop2,2,1,4
Pop2,2,1,4
Pop2,2,1,4
Pop2,2,1,4
Pop2,2,1,4
Pop2,2,1,4
Pop2,2,1,4
Pop2,2,1,4
Pop2,2,1,4
Pop2,2,1,4
Pop2,2,1,4
Pop2,2,1,4
Pop2,2,1,4
Pop2,2,1,4
Pop2,2,1,4
Pop2,2,1,4
Pop2,2,1,4
Pop2,2,1,4
Pop2,2,1,4
Pop2,2,1,4
Pop2,2,1,4
Pop2,2,1,4
Pop2,2,1,4
Pop2,2,1,4
Pop2,2,1,4
Pop2,2,1,4
Pop2,2,1,4
Pop2,2,1,4
Pop2,2,1,4
Pop2,2,1,4
Pop2,2,1,4
Pop2,2,1,4
Pop2,2,1,4
Pop2,2,1,4
Pop2,2,1,4
Pop2,2,1,4
Pop2,2,1,4
Pop2,2,1,4
Pop2,2,1,4
Pop2,2,1,4
Pop2,2,1,4
Pop2,2,1,4
Pop2,2,1,4
Pop2,2,1,4
Pop2,2,1,4
Pop2,2,1,4
Pop2,2,1,4
Pop2,2,1,4
Pop2,2,1,4
Pop2,2,1,4
Pop2,2,1,4
Pop2,2,1,4
Pop2,2,1,4
Pop2,2,1,4
Pop2,2,1,4
Pop2,2,1,4
Pop2,2,1,4
Pop2,2,1,4
Pop2,2,1,4
Pop2,2,1,4
Pop2,2,1,4
Pop2,2,1,4
Pop2,2,1,4
Pop2,2,1,4
Pop2,2,1,4
Pop2,2,1,4
Pop2,2,1,4
Pop2,2,1,4
Pop2,2,1,4
Pop2,2,1,4
Pop2,2,1,4
Pop2,2,1,4
Pop2,2,1,4
Pop2,2,1,4
Pop2,2,1,4
Pop2,2,1,4
Pop2,2,1,4
Pop2,2,1,4
Pop2,2,1,4
Pop2,2,1,4
Pop2,2,1,4
Pop2,2,1,4
Pop2,2,1,4
Pop2,2,1,4
Pop2,2,1,4
Pop2,2,1,4
Pop2,2,1,4
Pop2,2,1,4
Pop2,2,1,4
Pop2,2,1,4
Pop2,2,1,4
Pop2,2,1,4
Pop2,2,1,4
Pop2,2,1,4
Pop2,2,1,4
Pop2,2,1,4
Pop2,2,1,4
Pop2,2,1,8
Pop2,2,1,8
Pop2,2,1,8
Pop2,2,1,8
Pop2,2,1,8
Pop2,2,1,8
Pop2,2,1,8
Pop2,2,1,8
Pop2,2,1,8
Pop2,2,1,8
Pop2,2,1,8
Pop2,2,1,8
Pop2,2,1,8
Pop2,2,1,8
Pop2,2,1,8
Pop2,2,1,8
Pop2,2,1,8
Pop2,2,1,8
Pop2,2,1,8
Pop2,2,1,8
Pop2,2,1,8
Pop2,2,1,8
Pop2,2,1,8
Pop2,2,1,8
Pop2,2,1,8
Pop2,2,1,8
Pop2,2,1,8
Pop2,2,1,8
Pop2,2,1,8
Pop2,2,1,8
Pop2,2,1,8
Pop2,2,1,8
Pop2,2,1,8
Pop2,2,1,8
Pop2,2,1,8
Pop2,2,1,8
Pop2,2,1,8
Pop2,2,1,8
Pop2,2,1,8
Pop2,2,1,8
Pop2,2,1,8
Pop2,2,1,8
Pop2,2,1,8
Pop2,2,1,8
Pop2,2,1,8
Pop2,2,1,8
Pop2,2,1,8
Pop2,2,1,8
Pop2,2,1,8
Pop2,2,1,8
Pop2,2,1,8
Pop2,2,1,8
Pop2,2,1,8
Pop2,2,1,8
Pop2,2,1,8
Pop2,2,1,8
Pop2,2,1,8
Pop2,2,1,8
Pop2,2,1,8
Pop2,2,1,8
Pop2,2,1,8
Pop2,2,1,8
Pop2,2,1,8
Pop2,2,1,8
Pop2,2,1,8
Pop2,2,1,8
Pop2,2,1,8
Pop2,2,1,8
Pop2,2,1,8
Pop2,2,1,8
Pop2,2,1,8
Pop2,2,1,8
Pop2,2,1,8
Pop2,2,1,8
Pop2,2,1,8
Pop2,2,1,8
Pop2,2,1,8
Pop2,2,1,8
Pop2,2,1,8
Pop2,2,1,8
Pop2,2,1,8
Pop2,2,1,8
Pop2,2,1,8
Pop2,2,1,8
Pop2,2,1,8
Pop2,2,1,8
Pop2,2,1,8
Pop2,2,1,8
Pop2,2,1,8
Pop2,2,1,8
Pop2,2,1,8
Pop2,2,1,8
Pop2,2,1,8
Pop2,2,1,8
Pop2,2,1,8
Pop2,2,1,8
Pop2,2,1,8
Pop2,2,1,8
Pop2,2,1,8
Pop2,2,1,8
Pop2,2,1,16
Pop2,2,1,16
Pop2,2,1,16
Pop2,2,1,16
Pop2,2,1,16
Pop2,2,1,16
Pop2,2,1,16
Pop2,2,1,16
Pop2,2,1,16
Pop2,2,1,16
Pop2,2,1,16
Pop2,2,1,16
Pop2,2,1,16
Pop2,2,1,16
Pop2,2,1,16
Pop2,2,1,16
Pop2,2,1,16
Pop2,2,1,16
Pop2,2,1,16
Pop2,2,1,16
Pop2,2,1,16
Pop2,2,1,16
Pop2,2,1,16
Pop2,2,1,16
Pop2,2,1,16
Pop2,2,1,16
Pop2,2,1,16
Pop2,2,1,16
Pop2,2,1,16
Pop2,2,1,16
Pop2,2,1,16
Pop2,2,1,16
Pop2,2,1,16
Pop2,2,1,16
Pop2,2,1,16
Pop2,2,1,16
Pop2,2,1,16
Pop2,2,1,16
Pop2,2,1,16
Pop2,2,1,16
Pop2,2,1,16
Pop2,2,1,16
Pop2,2,1,16
Pop2,2,1,16
Pop2,2,1,16
Pop2,2,1,16
Pop2,2,1,16
Pop2,2,1,16
Pop2,2,1,16
Pop2,2,1,16
Pop2,2,1,16
Pop2,2,1,16
Pop2,2,1,16
Pop2,2,1,16
Pop2,2,1,16
Pop2,2,1,16
Pop2,2,1,16
Pop2,2,1,16
Pop2,2,1,16
Pop2,2,1,16
Pop2,2,1,16
Pop2,2,1,16
Pop2,2,1,16
Pop2,2,1,16
Pop2,2,1,16
Pop2,2,1,16
Pop2,2,1,16
Pop2,2,1,16
Pop2,2,1,16
Pop2,2,1,16
Pop2,2,1,16
Pop2,2,1,16
Pop2,2,1,16
Pop2,2,1,16
Pop2,2,1,16
Pop2,2,1,16
Pop2,2,1,16
Pop2,2,1,16
Pop2,2,1,16
Pop2,2,1,16
Pop2,2,1,16
Pop2,2,1,16
Pop2,2,1,16
Pop2,2,1,16
Pop2,2,1,16
Pop2,2,1,16
Pop2,2,1,16
Pop2,2,1,16
Pop2,2,1,16
Pop2,2,1,16
Pop2,2,1,16
Pop2,2,1,16
Pop2,2,1,16
Pop2,2,1,16
Pop2,2,1,16
Pop2,2,1,16
Pop2,2,1,16
Pop2,2,1,16
Pop2,2,1,16
Pop2,2,1,16
Pop2,4,4,32
Pop2,4,4,32
Pop2,4,4,32
Pop2,4,4,32
Pop2,4,4,32
Pop2,4,4,32
Pop2,4,4,32
Pop2,4,4,32
Pop2,4,4,32
Pop2,4,4,32
Pop2,4,4,32
Pop2,4,4,32
Pop2,4,4,32
Pop2,4,4,32
Pop2,4,4,32
Pop2,4,4,32
Pop2,4,4,32
Pop2,4,4,32
Pop2,4,4,32
Pop2,4,4,32
Pop2,4,4,32
Pop2,4,4,32
Pop2,4,4,32
Pop2,4,4,32
Pop2,4,4,32
Pop2,4,4,32
Pop2,4,4,32
Pop2,4,4,32
Pop2,4,4,32
Pop2,4,4,32
Pop2,4,4,32
Pop2,4,4,32
Pop2,4,4,32
Pop2,4,4,32
Pop2,4,4,32
Pop2,4,4,32
Pop2,4,4,32
Pop2,4,4,32
Pop2,4,4,32
Pop2,4,4,32
Pop2,4,4,32
Pop2,4,4,32
Pop2,4,4,32
Pop2,4,4,32
Pop2,4,4,32
Pop2,4,4,32
Pop2,4,4,32
Pop2,4,4,32
Pop2,4,4,32
Pop2,4,4,32
Pop2,4,4,32
Pop2,4,4,32
Pop2,4,4,32
Pop2,4,4,32
Pop2,4,4,32
Pop2,4,4,32
Pop2,4,4,32
Pop2,4,4,32
Pop2,4,4,32
Pop2,4,4,32
Pop2,4,4,32
Pop2,4,4,32
Pop2,4,4,32
Pop2,4,4,32
Pop2,4,4,32
Pop2,4,4,32
Pop2,4,4,32
Pop2,4,4,32
Pop2,4,4,32
Pop2,4,4,32
Pop2,4,4,32
Pop2,4,4,32
Pop2,4,4,32
Pop2,4,4,32
Pop2,4,4,32
Pop2,4,4,32
Pop2,4,4,32
Pop2,4,4,32
Pop2,4,4,32
Pop2,4,4,32
Pop2,4,4,32
Pop2,4,4,32
Pop2,4,4,32
Pop2,4,4,32
Pop2,4,4,32
Pop2,4,4,32
Pop2,4,4,32
Pop2,4,4,32
Pop2,4,4,32
Pop2,4,4,32
Pop2,4,4,32
Pop2,4,4,32
Pop2,4,4,32
Pop2,4,4,32
Pop2,4,4,32
Pop2,4,4,32
Pop2,4,4,32
Pop2,4,4,32
Pop2,4,4,32
Pop2,4,4,32
Pop2,5,5,64
Pop2,5,5,64
Pop2,5,5,64
Pop2,5,5,64
Pop2,5,5,64
Pop2,5,5,64
Pop2,5,5,64
Pop2,5,5,64
Pop2,5,5,64
Pop2,5,5,64
Pop2,5,5,64
Pop2,5,5,64
Pop2,5,5,64
Pop2,5,5,64
Pop2,5,5,64
Pop2,5,5,64
Pop2,5,5,64
Pop2,5,5,64
Pop2,5,5,64
Pop2,5,5,64
Pop2,5,5,64
Pop2,5,5,64
Pop2,5,5,64
Pop2,5,5,64
Pop2,5,5,64
Pop2,5,5,64
Pop2,5,5,64
Pop2,5,5,64
Pop2,5,5,64
Pop2,5,5,64
Pop2,5,5,64
Pop2,5,5,64
Pop2,5,5,64
Pop2,5,5,64
Pop2,5,5,64
Pop2,5,5,64
Pop2,5,5,64
Pop2,5,5,64
Pop2,5,5,64
Pop2,5,5,64
Pop2,5,5,64
Pop2,5,5,64
Pop2,5,5,64
Pop2,5,5,64
Pop2,5,5,64
Pop2,5,5,64
Pop2,5,5,64
Pop2,5,5,64
Pop2,5,5,64
Pop2,5,5,64
Pop2,5,5,64
Pop2,5,5,64
Pop2,5,5,64
Pop2,5,5,64
Pop2,5,5,64
Pop2,5,5,64
Pop2,5,5,64
Pop2,5,5,64
Pop2,5,5,64
Pop2,5,5,64
Pop2,5,5,64
Pop2,5,5,64
Pop2,5,5,64
Pop2,5,5,64
Pop2,5,5,64
Pop2,5,5,64
Pop2,5,5,64
Pop2,5,5,64
Pop2,5,5,64
Pop2,5,5,64
Pop2,5,5,64
Pop2,5,5,64
Pop2,5,5,64
Pop2,5,5,64
Pop2,5,5,64
Pop2,5,5,64
Pop2,5,5,64
Pop2,5,5,64
Pop2,5,5,64
Pop2,5,5,64
Pop2,5,5,64
Pop2,5,5,64
Pop2,5,5,64
Pop2,5,5,64
Pop2,5,5,64
Pop2,5,5,64
Pop2,5,5,64
Pop2,5,5,64
Pop2,5,5,64
Pop2,5,5,64
Pop2,5,5,64
Pop2,5,5,64
Pop2,5,5,64
Pop2,5,5,64
Pop2,5,5,64
Pop2,5,5,64
Pop2,5,5,64
Pop2,5,5,64
Pop2,5,5,64
Pop2,5,5,64
Pop2,7,8,128
Pop2,7,8,128
Pop2,7,8,128
Pop2,7,8,128
Pop2,7,8,128
Pop2,7,8,128
Pop2,7,8,128
Pop2,7,8,128
Pop2,7,8,128
Pop2,7,8,128
Pop2,7,8,128
Pop2,7,8,128
Pop2,7,8,128
Pop2,7,8,128
Pop2,7,8,128
Pop2,7,8,128
Pop2,7,8,128
Pop2,7,8,128
Pop2,7,8,128
Pop2,7,8,128
Pop2,7,8,128
Pop2,7,8,128
Pop2,7,8,128
Pop2,7,8,128
Pop2,7,8,128
Pop2,7,8,128
Pop2,7,8,128
Pop2,7,8,128
Pop2,7,8,128
Pop2,7,8,128
Pop2,7,8,128
Pop2,7,8,128
Pop2,7,8,128
Pop2,7,8,128
Pop2,7,8,128
Pop2,7,8,128
Pop2,7,8,128
Pop2,7,8,128
Pop2,7,8,128
Pop2,7,8,128
Pop2,7,8,128
Pop2,7,8,128
Pop2,7,8,128
Pop2,7,8,128
Pop2,7,8,128
Pop2,7,8,128
Pop2,7,8,128
Pop2,7,8,128
Pop2,7,8,128
Pop2,7,8,128
Pop2,7,8,128
Pop2,7,8,128
Pop2,7,8,128
Pop2,7,8,128
Pop2,7,8,128
Pop2,7,8,128
Pop2,7,8,128
Pop2,7,8,128
Pop2,7,8,128
Pop2,7,8,128
Pop2,7,8,128
Pop2,7,8,128
Pop2,7,8,128
Pop2,7,8,128
Pop2,7,8,128
Pop2,7,8,128
Pop2,7,8,128
Pop2,7,8,128
Pop2,7,8,128
Pop2,7,8,128
Pop2,7,8,128
Pop2,7,8,128
Pop2,7,8,128
Pop2,7,8,128
Pop2,7,8,128
Pop2,7,8,128
Pop2,7,8,128
Pop2,7,8,128
Pop2,7,8,128
Pop2,7,8,128
Pop2,7,8,128
Pop2,7,8,128
Pop2,7,8,128
Pop2,7,8,128
Pop2,7,8,128
Pop2,7,8,128
Pop2,7,8,128
Pop2,7,8,128
Pop2,7,8,128
Pop2,7,8,128
Pop2,7,8,128
Pop2,7,8,128
Pop2,7,8,128
Pop2,7,8,128
Pop2,7,8,128
Pop2,7,8,128
Pop2,7,8,128
Pop2,7,8,128
Pop2,7,8,128
Pop2,7,8,128
Pop3,2,8,2
Pop3,2,8,2
Pop3,2,8,2
Pop3,2,8,2
Pop3,2,8,2
Pop3,2,8,2
Pop3,2,8,2
Pop3,2,8,2
Pop3,2,8,2
Pop3,2,8,2
Pop3,2,8,2
Pop3,2,8,2
Pop3,2,8,2
Pop3,2,8,2
Pop3,2,8,2
Pop3,2,8,2
Pop3,2,8,2
Pop3,2,8,2
Pop3,2,8,2
Pop3,2,8,2
Pop3,2,8,2
Pop3,2,8,2
Pop3,2,8,2
Pop3,2,8,2
Pop3,2,8,2
Pop3,2,8,2
Pop3,2,8,2
Pop3,2,8,2
Pop3,2,8,2
Pop3,2,8,2
Pop3,2,8,2
Pop3,2,8,2
Pop3,2,8,2
Pop3,2,8,2
Pop3,2,8,2
Pop3,2,8,2
Pop3,2,8,2
Pop3,2,8,2
Pop3,2,8,2
Pop3,2,8,2
Pop3,2,8,2
Pop3,2,8,2
Pop3,2,8,2
Pop3,2,8,2
Pop3,2,8,2
Pop3,2,8,2
Pop3,2,8,2
Pop3,2,8,2
Pop3,2,8,2
Pop3,2,8,2
Pop3,2,8,2
Pop3,2,8,2
Pop3,2,8,2
Pop3,2,8,2
Pop3,2,8,2
Pop3,2,8,2
Pop3,2,8,2
Pop3,2,8,2
Pop3,2,8,2
Pop3,2,8,2
Pop3,2,8,2
Pop3,2,8,2
Pop3,2,8,2
Pop3,2,8,2
Pop3,2,8,2
Pop3,2,8,2
Pop3,2,8,2
Pop3,2,8,2
Pop3,2,8,2
Pop3,2,8,2
Pop3,2,8,2
Pop3,2,8,2
Pop3,2,8,2
Pop3,2,8,2
Pop3,2,8,2
Pop3,2,8,2
Pop3,2,8,2
Pop3,2,8,2
Pop3,2,8,2
Pop3,2,8,2
Pop3,2,8,2
Pop3,2,8,2
Pop3,2,8,2
Pop3,2,8,2
Pop3,2,8,2
Pop3,2,8,2
Pop3,2,8,2
Pop3,2,8,2
Pop3,2,8,2
Pop3,2,8,2
Pop3,2,8,2
Pop3,2,8,2
Pop3,2,8,2
Pop3,2,8,2
Pop3,2,8,2
Pop3,2,8,2
Pop3,2,8,2
Pop3,2,8,2
Pop3,2,8,2
Pop3,2,8,2
Pop3,4,14,4
Pop3,4,14,4
Pop3,4,14,4
Pop3,4,14,4
Pop3,4,14,4
Pop3,4,14,4
Pop3,4,14,4
Pop3,4,14,4
Pop3,4,14,4
Pop3,4,14,4
Pop3,4,14,4
Pop3,4,14,4
Pop3,4,14,4
Pop3,4,14,4
Pop3,4,14,4
Pop3,4,14,4
Pop3,4,14,4
Pop3,4,14,4
Pop3,4,14,4
Pop3,4,14,4
Pop3,4,14,4
Pop3,4,14,4
Pop3,4,14,4
Pop3,4,14,4
Pop3,4,14,4
Pop3,4,14,4
Pop3,4,14,4
Pop3,4,14,4
Pop3,4,14,4
Pop3,4,14,4
Pop3,4,14,4
Pop3,4,14,4
Pop3,4,14,4
Pop3,4,14,4
Pop3,4,14,4
Pop3,4,14,4
Pop3,4,14,4
Pop3,4,14,4
Pop3,4,14,4
Pop3,4,14,4
Pop3,4,14,4
Pop3,4,14,4
Pop3,4,14,4
Pop3,4,14,4
Pop3,4,14,4
Pop3,4,14,4
Pop3,4,14,4
Pop3,4,14,4
Pop3,4,14,4
Pop3,4,14,4
Pop3,4,14,4
Pop3,4,14,4
Pop3,4,14,4
Pop3,4,14,4
Pop3,4,14,4
Pop3,4,14,4
Pop3,4,14,4
Pop3,4,14,4
Pop3,4,14,4
Pop3,4,14,4
Pop3,4,14,4
Pop3,4,14,4
Pop3,4,14,4
Pop3,4,14,4
Pop3,4,14,4
Pop3,4,14,4
Pop3,4,14,4
Pop3,4,14,4
Pop3,4,14,4
Pop3,4,14,4
Pop3,4,14,4
Pop3,4,14,4
Pop3,4,14,4
Pop3,4,14,4
Pop3,4,14,4
Pop3,4,14,4
Pop3,4,14,4
Pop3,4,14,4
Pop3,4,14,4
Pop3,4,14,4
Pop3,4,14,4
Pop3,4,14,4
Pop3,4,14,4
Pop3,4,14,4
Pop3,4,14,4
Pop3,4,14,4
Pop3,4,14,4
Pop3,4,14,4
Pop3,4,14,4
Pop3,4,14,4
Pop3,4,14,4
Pop3,4,14,4
Pop3,4,14,4
Pop3,4,14,4
Pop3,4,14,4
Pop3,4,14,4
Pop3,4,14,4
Pop3,4,14,4
Pop3,4,14,4
Pop3,4,14,4
Pop3,7,16,8
Pop3,7,16,8
Pop3,7,16,8
Pop3,7,16,8
Pop3,7,16,8
Pop3,7,16,8
Pop3,7,16,8
Pop3,7,16,8
Pop3,7,16,8
Pop3,7,16,8
Pop3,7,16,8
Pop3,7,16,8
Pop3,7,16,8
Pop3,7,16,8
Pop3,7,16,8
Pop3,7,16,8
Pop3,7,16,8
Pop3,7,16,8
Pop3,7,16,8
Pop3,7,16,8
Pop3,7,16,8
Pop3,7,16,8
Pop3,7,16,8
Pop3,7,16,8
Pop3,7,16,8
Pop3,7,16,8
Pop3,7,16,8
Pop3,7,16,8
Pop3,7,16,8
Pop3,7,16,8
Pop3,7,16,8
Pop3,7,16,8
Pop3,7,16,8
Pop3,7,16,8
Pop3,7,16,8
Pop3,7,16,8
Pop3,7,16,8
Pop3,7,16,8
Pop3,7,16,8
Pop3,7,16,8
Pop3,7,16,8
Pop3,7,16,8
Pop3,7,16,8
Pop3,7,16,8
Pop3,7,16,8
Pop3,7,16,8
Pop3,7,16,8
Pop3,7,16,8
Pop3,7,16,8
Pop3,7,16,8
Pop3,7,16,8
Pop3,7,16,8
Pop3,7,16,8
Pop3,7,16,8
Pop3,7,16,8
Pop3,7,16,8
Pop3,7,16,8
Pop3,7,16,8
Pop3,7,16,8
Pop3,7,16,8
Pop3,7,16,8
Pop3,7,16,8
Pop3,7,16,8
Pop3,7,16,8
Pop3,7,16,8
Pop3,7,16,8
Pop3,7,16,8
Pop3,7,16,8
Pop3,7,16,8
Pop3,7,16,8
Pop3,7,16,8
Pop3,7,16,8
Pop3,7,16,8
Pop3,7,16,8
Pop3,7,16,8
Pop3,7,16,8
Pop3,7,16,8
Pop3,7,16,8
Pop3,7,16,8
Pop3,7,16,8
Pop3,7,16,8
Pop3,7,16,8
Pop3,7,16,8
Pop3,7,16,8
Pop3,7,16,8
Pop3,7,16,8
Pop3,7,16,8
Pop3,7,16,8
Pop3,7,16,8
Pop3,7,16,8
Pop3,7,16,8
Pop3,7,16,8
Pop3,7,16,8
Pop3,7,16,8
Pop3,7,16,8
Pop3,7,16,8
Pop3,7,16,8
Pop3,7,16,8
Pop3,7,16,8
Pop3,7,16,8
Pop3,9,17,16
Pop3,9,17,16
Pop3,9,17,16
Pop3,9,17,16
Pop3,9,17,16
Pop3,9,17,16
Pop3,9,17,16
Pop3,9,17,16
Pop3,9,17,16
Pop3,9,17,16
Pop3,9,17,16
Pop3,9,17,16
Pop3,9,17,16
Pop3,9,17,16
Pop3,9,17,16
Pop3,9,17,16
Pop3,9,17,16
Pop3,9,17,16
Pop3,9,17,16
Pop3,9,17,16
Pop3,9,17,16
Pop3,9,17,16
Pop3,9,17,16
Pop3,9,17,16
Pop3,9,17,16
Pop3,9,17,16
Pop3,9,17,16
Pop3,9,17,16
Pop3,9,17,16
Pop3,9,17,16
Pop3,9,17,16
Pop3,9,17,16
Pop3,9,17,16
Pop3,9,17,16
Pop3,9,17,16
Pop3,9,17,16
Pop3,9,17,16
Pop3,9,17,16
Pop3,9,17,16
Pop3,9,17,16
Pop3,9,17,16
Pop3,9,17,16
Pop3,9,17,16
Pop3,9,17,16
Pop3,9,17,16
Pop3,9,17,16
Pop3,9,17,16
Pop3,9,17,16
Pop3,9,17,16
Pop3,9,17,16
Pop3,9,17,16
Pop3,9,17,16
Pop3,9,17,16
Pop3,9,17,16
Pop3,9,17,16
Pop3,9,17,16
Pop3,9,17,16
Pop3,9,17,16
Pop3,9,17,16
Pop3,9,17,16
Pop3,9,17,16
Pop3,9,17,16
Pop3,9,17,16
Pop3,9,17,16
Pop3,9,17,16
Pop3,9,17,16
Pop3,9,17,16
Pop3,9,17,16
Pop3,9,17,16
Pop3,9,17,16
Pop3,9,17,16
Pop3,9,17,16
Pop3,9,17,16
Pop3,9,17,16
Pop3,9,17,16
Pop3,9,17,16
Pop3,9,17,16
Pop3,9,17,16
Pop3,9,17,16
Pop3,9,17,16
Pop3,9,17,16
Pop3,9,17,16
Pop3,9,17,16
Pop3,9,17,16
Pop3,9,17,16
Pop3,9,17,16
Pop3,9,17,16
Pop3,9,17,16
Pop3,9,17,16
Pop3,9,17,16
Pop3,9,17,16
Pop3,9,17,16
Pop3,9,17,16
Pop3,9,17,16
Pop3,9,17,16
Pop3,9,17,16
Pop3,9,17,16
Pop3,9,17,16
Pop3,9,17,16
Pop3,9,17,16
Pop3,11,19,32
Pop3,11,19,32
Pop3,11,19,32
Pop3,11,19,32
Pop3,11,19,32
Pop3,11,19,32
Pop3,11,19,32
Pop3,11,19,32
Pop3,11,19,32
Pop3,11,19,32
Pop3,11,19,32
Pop3,11,19,32
Pop3,11,19,32
Pop3,11,19,32
Pop3,11,19,32
Pop3,11,19,32
Pop3,11,19,32
Pop3,11,19,32
Pop3,11,19,32
Pop3,11,19,32
Pop3,11,19,32
Pop3,11,19,32
Pop3,11,19,32
Pop3,11,19,32
Pop3,11,19,32
Pop3,11,19,32
Pop3,11,19,32
Pop3,11,19,32
Pop3,11,19,32
Pop3,11,19,32
Pop3,11,19,32
Pop3,11,19,32
Pop3,11,19,32
Pop3,11,19,32
Pop3,11,19,32
Pop3,11,19,32
Pop3,11,19,32
Pop3,11,19,32
Pop3,11,19,32
Pop3,11,19,32
Pop3,11,19,32
Pop3,11,19,32
Pop3,11,19,32
Pop3,11,19,32
Pop3,11,19,32
Pop3,11,19,32
Pop3,11,19,32
Pop3,11,19,32
Pop3,11,19,32
Pop3,11,19,32
Pop3,11,19,32
Pop3,11,19,32
Pop3,11,19,32
Pop3,11,19,32
Pop3,11,19,32
Pop3,11,19,32
Pop3,11,19,32
Pop3,11,19,32
Pop3,11,19,32
Pop3,11,19,32
Pop3,11,19,32
Pop3,11,19,32
Pop3,11,19,32
Pop3,11,19,32
Pop3,11,19,32
Pop3,11,19,32
Pop3,11,19,32
Pop3,11,19,32
Pop3,11,19,32
Pop3,11,19,32
Pop3,11,19,32
Pop3,11,19,32
Pop3,11,19,32
Pop3,11,19,32
Pop3,11,19,32
Pop3,11,19,32
Pop3,11,19,32
Pop3,11,19,32
Pop3,11,19,32
Pop3,11,19,32
Pop3,11,19,32
Pop3,11,19,32
Pop3,11,19,32
Pop3,11,19,32
Pop3,11,19,32
Pop3,11,19,32
Pop3,11,19,32
Pop3,11,19,32
Pop3,11,19,32
Pop3,11,19,32
Pop3,11,19,32
Pop3,11,19,32
Pop3,11,19,32
Pop3,11,19,32
Pop3,11,19,32
Pop3,11,19,32
Pop3,11,19,32
Pop3,11,19,32
Pop3,11,19,32
Pop3,11,19,32
Pop3,16,25,64
Pop3,16,25,64
Pop3,16,25,64
Pop3,16,25,64
Pop3,16,25,64
Pop3,16,25,64
Pop3,16,25,64
Pop3,16,25,64
Pop3,16,25,64
Pop3,16,25,64
Pop3,16,25,64
Pop3,16,25,64
Pop3,16,25,64
Pop3,16,25,64
Pop3,16,25,64
Pop3,16,25,64
Pop3,16,25,64
Pop3,16,25,64
Pop3,16,25,64
Pop3,16,25,64
Pop3,16,25,64
Pop3,16,25,64
Pop3,16,25,64
Pop3,16,25,64
Pop3,16,25,64
Pop3,16,25,64
Pop3,16,25,64
Pop3,16,25,64
Pop3,16,25,64
Pop3,16,25,64
Pop3,16,25,64
Pop3,16,25,64
Pop3,16,25,64
Pop3,16,25,64
Pop3,16,25,64
Pop3,16,25,64
Pop3,16,25,64
Pop3,16,25,64
Pop3,16,25,64
Pop3,16,25,64
Pop3,16,25,64
Pop3,16,25,64
Pop3,16,25,64
Pop3,16,25,64
Pop3,16,25,64
Pop3,16,25,64
Pop3,16,25,64
Pop3,16,25,64
Pop3,16,25,64
Pop3,16,25,64
Pop3,16,25,64
Pop3,16,25,64
Pop3,16,25,64
Pop3,16,25,64
Pop3,16,25,64
Pop3,16,25,64
Pop3,16,25,64
Pop3,16,25,64
Pop3,16,25,64
Pop3,16,25,64
Pop3,16,25,64
Pop3,16,25,64
Pop3,16,25,64
Pop3,16,25,64
Pop3,16,25,64
Pop3,16,25,64
Pop3,16,25,64
Pop3,16,25,64
Pop3,16,25,64
Pop3,16,25,64
Pop3,16,25,64
Pop3,16,25,64
Pop3,16,25,64
Pop3,16,25,64
Pop3,16,25,64
Pop3,16,25,64
Pop3,16,25,64
Pop3,16,25,64
Pop3,16,25,64
Pop3,16,25,64
Pop3,16,25,64
Pop3,16,25,64
Pop3,16,25,64
Pop3,16,25,64
Pop3,16,25,64
Pop3,16,25,64
Pop3,16,25,64
Pop3,16,25,64
Pop3,16,25,64
Pop3,16,25,64
Pop3,16,25,64
Pop3,16,25,64
Pop3,16,25,64
Pop3,16,25,64
Pop3,16,25,64
Pop3,16,25,64
Pop3,16,25,64
Pop3,16,25,64
Pop3,16,25,64
Pop3,16,25,64
Pop3,23,33,128
Pop3,23,33,128
Pop3,23,33,128
Pop3,23,33,128
Pop3,23,33,128
Pop3,23,33,128
Pop3,23,33,128
Pop3,23,33,128
Pop3,23,33,128
Pop3,23,33,128
Pop3,23,33,128
Pop3,23,33,128
Pop3,23,33,128
Pop3,23,33,128
Pop3,23,33,128
Pop3,23,33,128
Pop3,23,33,128
Pop3,23,33,128
Pop3,23,33,128
Pop3,23,33,128
Pop3,23,33,128
Pop3,23,33,128
Pop3,23,33,128
Pop3,23,33,128
Pop3,23,33,128
Pop3,23,33,128
Pop3,23,33,128
Pop3,23,33,128
Pop3,23,33,128
Pop3,23,33,128
Pop3,23,33,128
Pop3,23,33,128
Pop3,23,33,128
Pop3,23,33,128
Pop3,23,33,128
Pop3,23,33,128
Pop3,23,33,128
Pop3,23,33,128
Pop3,23,33,128
Pop3,23,33,128
Pop3,23,33,128
Pop3,23,33,128
Pop3,23,33,128
Pop3,23,33,128
Pop3,23,33,128
Pop3,23,33,128
Pop3,23,33,128
Pop3,23,33,128
Pop3,23,33,128
Pop3,23,33,128
Pop3,23,33,128
Pop3,23,33,128
Pop3,23,33,128
Pop3,23,33,128
Pop3,23,33,128
Pop3,23,33,128
Pop3,23,33,128
Pop3,23,33,128
Pop3,23,33,128
Pop3,23,33,128
Pop3,23,33,128
Pop3,23,33,128
Pop3,23,33,128
Pop3,23,33,128
Pop3,23,33,128
Pop3,23,33,128
Pop3,23,33,128
Pop3,23,33,128
Pop3,23,33,128
Pop3,23,33,128
Pop3,23,33,128
Pop3,23,33,128
Pop3,23,33,128
Pop3,23,33,128
Pop3,23,33,128
Pop3,23,33,128
Pop3,23,33,128
Pop3,23,33,128
Pop3,23,33,128
Pop3,23,33,128
Pop3,23,33,128
Pop3,23,33,128
Pop3,23,33,128
Pop3,23,33,128
Pop3,23,33,128
Pop3,23,33,128
Pop3,23,33,128
Pop3,23,33,128
Pop3,23,33,128
Pop3,23,33,128
Pop3,23,33,128
Pop3,23,33,128
Pop3,23,33,128
Pop3,23,33,128
Pop3,23,33,128
Pop3,23,33,128
Pop3,23,33,128
Pop3,23,33,128
Pop3,23,33,128
Pop3,23,33,128
Pop4,2,15,2
Pop4,2,15,2
Pop4,2,15,2
Pop4,2,15,2
Pop4,2,15,2
Pop4,2,15,2
Pop4,2,15,2
Pop4,2,15,2
Pop4,2,15,2
Pop4,2,15,2
Pop4,2,15,2
Pop4,2,15,2
Pop4,2,15,2
Pop4,2,15,2
Pop4,2,15,2
Pop4,2,15,2
Pop4,2,15,2
Pop4,2,15,2
Pop4,2,15,2
Pop4,2,15,2
Pop4,2,15,2
Pop4,2,15,2
Pop4,2,15,2
Pop4,2,15,2
Pop4,2,15,2
Pop4,2,15,2
Pop4,2,15,2
Pop4,2,15,2
Pop4,2,15,2
Pop4,2,15,2
Pop4,2,15,2
Pop4,2,15,2
Pop4,2,15,2
Pop4,2,15,2
Pop4,2,15,2
Pop4,2,15,2
Pop4,2,15,2
Pop4,2,15,2
Pop4,2,15,2
Pop4,2,15,2
Pop4,2,15,2
Pop4,2,15,2
Pop4,2,15,2
Pop4,2,15,2
Pop4,2,15,2
Pop4,2,15,2
Pop4,2,15,2
Pop4,2,15,2
Pop4,2,15,2
Pop4,2,15,2
Pop4,2,15,2
Pop4,2,15,2
Pop4,2,15,2
Pop4,2,15,2
Pop4,2,15,2
Pop4,2,15,2
Pop4,2,15,2
Pop4,2,15,2
Pop4,2,15,2
Pop4,2,15,2
Pop4,2,15,2
Pop4,2,15,2
Pop4,2,15,2
Pop4,2,15,2
Pop4,2,15,2
Pop4,2,15,2
Pop4,2,15,2
Pop4,2,15,2
Pop4,2,15,2
Pop4,2,15,2
Pop4,2,15,2
Pop4,2,15,2
Pop4,2,15,2
Pop4,2,15,2
Pop4,2,15,2
Pop4,2,15,2
Pop4,2,15,2
Pop4,2,15,2
Pop4,2,15,2
Pop4,2,15,2
Pop4,2,15,2
Pop4,2,15,2
Pop4,2,15,2
Pop4,2,15,2
Pop4,2,15,2
Pop4,2,15,2
Pop4,2,15,2
Pop4,2,15,2
Pop4,2,15,2
Pop4,2,15,2
Pop4,2,15,2
Pop4,2,15,2
Pop4,2,15,2
Pop4,2,15,2
Pop4,2,15,2
Pop4,2,15,2
Pop4,2,15,2
Pop4,2,15,2
Pop4,2,15,2
Pop4,2,15,2
Pop4,3,17,4
Pop4,3,17,4
Pop4,3,17,4
Pop4,3,17,4
Pop4,3,17,4
Pop4,3,17,4
Pop4,3,17,4
Pop4,3,17,4
Pop4,3,17,4
Pop4,3,17,4
Pop4,3,17,4
Pop4,3,17,4
Pop4,3,17,4
Pop4,3,17,4
Pop4,3,17,4
Pop4,3,17,4
Pop4,3,17,4
Pop4,3,17,4
Pop4,3,17,4
Pop4,3,17,4
Pop4,3,17,4
Pop4,3,17,4
Pop4,3,17,4
Pop4,3,17,4
Pop4,3,17,4
Pop4,3,17,4
Pop4,3,17,4
Pop4,3,17,4
Pop4,3,17,4
Pop4,3,17,4
Pop4,3,17,4
Pop4,3,17,4
Pop4,3,17,4
Pop4,3,17,4
Pop4,3,17,4
Pop4,3,17,4
Pop4,3,17,4
Pop4,3,17,4
Pop4,3,17,4
Pop4,3,17,4
Pop4,3,17,4
Pop4,3,17,4
Pop4,3,17,4
Pop4,3,17,4
Pop4,3,17,4
Pop4,3,17,4
Pop4,3,17,4
Pop4,3,17,4
Pop4,3,17,4
Pop4,3,17,4
Pop4,3,17,4
Pop4,3,17,4
Pop4,3,17,4
Pop4,3,17,4
Pop4,3,17,4
Pop4,3,17,4
Pop4,3,17,4
Pop4,3,17,4
Pop4,3,17,4
Pop4,3,17,4
Pop4,3,17,4
Pop4,3,17,4
Pop4,3,17,4
Pop4,3,17,4
Pop4,3,17,4
Pop4,3,17,4
Pop4,3,17,4
Pop4,3,17,4
Pop4,3,17,4
Pop4,3,17,4
Pop4,3,17,4
Pop4,3,17,4
Pop4,3,17,4
Pop4,3,17,4
Pop4,3,17,4
Pop4,3,17,4
Pop4,3,17,4
Pop4,3,17,4
Pop4,3,17,4
Pop4,3,17,4
Pop4,3,17,4
Pop4,3,17,4
Pop4,3,17,4
Pop4,3,17,4
Pop4,3,17,4
Pop4,3,17,4
Pop4,3,17,4
Pop4,3,17,4
Pop4,3,17,4
Pop4,3,17,4
Pop4,3,17,4
Pop4,3,17,4
Pop4,3,17,4
Pop4,3,17,4
Pop4,3,17,4
Pop4,3,17,4
Pop4,3,17,4
Pop4,3,17,4
Pop4,3,17,4
Pop4,3,17,4
Pop4,6,24,8
Pop4,6,24,8
Pop4,6,24,8
Pop4,6,24,8
Pop4,6,24,8
Pop4,6,24,8
Pop4,6,24,8
Pop4,6,24,8
Pop4,6,24,8
Pop4,6,24,8
Pop4,6,24,8
Pop4,6,24,8
Pop4,6,24,8
Pop4,6,24,8
Pop4,6,24,8
Pop4,6,24,8
Pop4,6,24,8
Pop4,6,24,8
Pop4,6,24,8
Pop4,6,24,8
Pop4,6,24,8
Pop4,6,24,8
Pop4,6,24,8
Pop4,6,24,8
Pop4,6,24,8
Pop4,6,24,8
Pop4,6,24,8
Pop4,6,24,8
Pop4,6,24,8
Pop4,6,24,8
Pop4,6,24,8
Pop4,6,24,8
Pop4,6,24,8
Pop4,6,24,8
Pop4,6,24,8
Pop4,6,24,8
Pop4,6,24,8
Pop4,6,24,8
Pop4,6,24,8
Pop4,6,24,8
Pop4,6,24,8
Pop4,6,24,8
Pop4,6,24,8
Pop4,6,24,8
Pop4,6,24,8
Pop4,6,24,8
Pop4,6,24,8
Pop4,6,24,8
Pop4,6,24,8
Pop4,6,24,8
Pop4,6,24,8
Pop4,6,24,8
Pop4,6,24,8
Pop4,6,24,8
Pop4,6,24,8
Pop4,6,24,8
Pop4,6,24,8
Pop4,6,24,8
Pop4,6,24,8
Pop4,6,24,8
Pop4,6,24,8
Pop4,6,24,8
Pop4,6,24,8
Pop4,6,24,8
Pop4,6,24,8
Pop4,6,24,8
Pop4,6,24,8
Pop4,6,24,8
Pop4,6,24,8
Pop4,6,24,8
Pop4,6,24,8
Pop4,6,24,8
Pop4,6,24,8
Pop4,6,24,8
Pop4,6,24,8
Pop4,6,24,8
Pop4,6,24,8
Pop4,6,24,8
Pop4,6,24,8
Pop4,6,24,8
Pop4,6,24,8
Pop4,6,24,8
Pop4,6,24,8
Pop4,6,24,8
Pop4,6,24,8
Pop4,6,24,8
Pop4,6,24,8
Pop4,6,24,8
Pop4,6,24,8
Pop4,6,24,8
Pop4,6,24,8
Pop4,6,24,8
Pop4,6,24,8
Pop4,6,24,8
Pop4,6,24,8
Pop4,6,24,8
Pop4,6,24,8
Pop4,6,24,8
Pop4,6,24,8
Pop4,6,24,8
Pop4,8,29,16
Pop4,8,29,16
Pop4,8,29,16
Pop4,8,29,16
Pop4,8,29,16
Pop4,8,29,16
Pop4,8,29,16
Pop4,8,29,16
Pop4,8,29,16
Pop4,8,29,16
Pop4,8,29,16
Pop4,8,29,16
Pop4,8,29,16
Pop4,8,29,16
Pop4,8,29,16
Pop4,8,29,16
Pop4,8,29,16
Pop4,8,29,16
Pop4,8,29,16
Pop4,8,29,16
Pop4,8,29,16
Pop4,8,29,16
Pop4,8,29,16
Pop4,8,29,16
Pop4,8,29,16
Pop4,8,29,16
Pop4,8,29,16
Pop4,8,29,16
Pop4,8,29,16
Pop4,8,29,16
Pop4,8,29,16
Pop4,8,29,16
Pop4,8,29,16
Pop4,8,29,16
Pop4,8,29,16
Pop4,8,29,16
Pop4,8,29,16
Pop4,8,29,16
Pop4,8,29,16
Pop4,8,29,16
Pop4,8,29,16
Pop4,8,29,16
Pop4,8,29,16
Pop4,8,29,16
Pop4,8,29,16
Pop4,8,29,16
Pop4,8,29,16
Pop4,8,29,16
Pop4,8,29,16
Pop4,8,29,16
Pop4,8,29,16
Pop4,8,29,16
Pop4,8,29,16
Pop4,8,29,16
Pop4,8,29,16
Pop4,8,29,16
Pop4,8,29,16
Pop4,8,29,16
Pop4,8,29,16
Pop4,8,29,16
Pop4,8,29,16
Pop4,8,29,16
Pop4,8,29,16
Pop4,8,29,16
Pop4,8,29,16
Pop4,8,29,16
Pop4,8,29,16
Pop4,8,29,16
Pop4,8,29,16
Pop4,8,29,16
Pop4,8,29,16
Pop4,8,29,16
Pop4,8,29,16
Pop4,8,29,16
Pop4,8,29,16
Pop4,8,29,16
Pop4,8,29,16
Pop4,8,29,16
Pop4,8,29,16
Pop4,8,29,16
Pop4,8,29,16
Pop4,8,29,16
Pop4,8,29,16
Pop4,8,29,16
Pop4,8,29,16
Pop4,8,29,16
Pop4,8,29,16
Pop4,8,29,16
Pop4,8,29,16
Pop4,8,29,16
Pop4,8,29,16
Pop4,8,29,16
Pop4,8,29,16
Pop4,8,29,16
Pop4,8,29,16
Pop4,8,29,16
Pop4,8,29,16
Pop4,8,29,16
Pop4,8,29,16
Pop4,8,29,16
Pop4,15,38,32
Pop4,15,38,32
Pop4,15,38,32
Pop4,15,38,32
Pop4,15,38,32
Pop4,15,38,32
Pop4,15,38,32
Pop4,15,38,32
Pop4,15,38,32
Pop4,15,38,32
Pop4,15,38,32
Pop4,15,38,32
Pop4,15,38,32
Pop4,15,38,32
Pop4,15,38,32
Pop4,15,38,32
Pop4,15,38,32
Pop4,15,38,32
Pop4,15,38,32
Pop4,15,38,32
Pop4,15,38,32
Pop4,15,38,32
Pop4,15,38,32
Pop4,15,38,32
Pop4,15,38,32
Pop4,15,38,32
Pop4,15,38,32
Pop4,15,38,32
Pop4,15,38,32
Pop4,15,38,32
Pop4,15,38,32
Pop4,15,38,32
Pop4,15,38,32
Pop4,15,38,32
Pop4,15,38,32
Pop4,15,38,32
Pop4,15,38,32
Pop4,15,38,32
Pop4,15,38,32
Pop4,15,38,32
Pop4,15,38,32
Pop4,15,38,32
Pop4,15,38,32
Pop4,15,38,32
Pop4,15,38,32
Pop4,15,38,32
Pop4,15,38,32
Pop4,15,38,32
Pop4,15,38,32
Pop4,15,38,32
Pop4,15,38,32
Pop4,15,38,32
Pop4,15,38,32
Pop4,15,38,32
Pop4,15,38,32
Pop4,15,38,32
Pop4,15,38,32
Pop4,15,38,32
Pop4,15,38,32
Pop4,15,38,32
Pop4,15,38,32
Pop4,15,38,32
Pop4,15,38,32
Pop4,15,38,32
Pop4,15,38,32
Pop4,15,38,32
Pop4,15,38,32
Pop4,15,38,32
Pop4,15,38,32
Pop4,15,38,32
Pop4,15,38,32
Pop4,15,38,32
Pop4,15,38,32
Pop4,15,38,32
Pop4,15,38,32
Pop4,15,38,32
Pop4,15,38,32
Pop4,15,38,32
Pop4,15,38,32
Pop4,15,38,32
Pop4,15,38,32
Pop4,15,38,32
Pop4,15,38,32
Pop4,15,38,32
Pop4,15,38,32
Pop4,15,38,32
Pop4,15,38,32
Pop4,15,38,32
Pop4,15,38,32
Pop4,15,38,32
Pop4,15,38,32
Pop4,15,38,32
Pop4,15,38,32
Pop4,15,38,32
Pop4,15,38,32
Pop4,15,38,32
Pop4,15,38,32
Pop4,15,38,32
Pop4,15,38,32
Pop4,15,38,32
Pop4,19,41,64
Pop4,19,41,64
Pop4,19,41,64
Pop4,19,41,64
Pop4,19,41,64
Pop4,19,41,64
Pop4,19,41,64
Pop4,19,41,64
Pop4,19,41,64
Pop4,19,41,64
Pop4,19,41,64
Pop4,19,41,64
Pop4,19,41,64
Pop4,19,41,64
Pop4,19,41,64
Pop4,19,41,64
Pop4,19,41,64
Pop4,19,41,64
Pop4,19,41,64
Pop4,19,41,64
Pop4,19,41,64
Pop4,19,41,64
Pop4,19,41,64
Pop4,19,41,64
Pop4,19,41,64
Pop4,19,41,64
Pop4,19,41,64
Pop4,19,41,64
Pop4,19,41,64
Pop4,19,41,64
Pop4,19,41,64
Pop4,19,41,64
Pop4,19,41,64
Pop4,19,41,64
Pop4,19,41,64
Pop4,19,41,64
Pop4,19,41,64
Pop4,19,41,64
Pop4,19,41,64
Pop4,19,41,64
Pop4,19,41,64
Pop4,19,41,64
Pop4,19,41,64
Pop4,19,41,64
Pop4,19,41,64
Pop4,19,41,64
Pop4,19,41,64
Pop4,19,41,64
Pop4,19,41,64
Pop4,19,41,64
Pop4,19,41,64
Pop4,19,41,64
Pop4,19,41,64
Pop4,19,41,64
Pop4,19,41,64
Pop4,19,41,64
Pop4,19,41,64
Pop4,19,41,64
Pop4,19,41,64
Pop4,19,41,64
Pop4,19,41,64
Pop4,19,41,64
Pop4,19,41,64
Pop4,19,41,64
Pop4,19,41,64
Pop4,19,41,64
Pop4,19,41,64
Pop4,19,41,64
Pop4,19,41,64
Pop4,19,41,64
Pop4,19,41,64
Pop4,19,41,64
Pop4,19,41,64
Pop4,19,41,64
Pop4,19,41,64
Pop4,19,41,64
Pop4,19,41,64
Pop4,19,41,64
Pop4,19,41,64
Pop4,19,41,64
Pop4,19,41,64
Pop4,19,41,64
Pop4,19,41,64
Pop4,19,41,64
Pop4,19,41,64
Pop4,19,41,64
Pop4,19,41,64
Pop4,19,41,64
Pop4,19,41,64
Pop4,19,41,64
Pop4,19,41,64
Pop4,19,41,64
Pop4,19,41,64
Pop4,19,41,64
Pop4,19,41,64
Pop4,19,41,64
Pop4,19,41,64
Pop4,19,41,64
Pop4,19,41,64
Pop4,19,41,64
Pop4,23,45,128
Pop4,23,45,128
Pop4,23,45,128
Pop4,23,45,128
Pop4,23,45,128
Pop4,23,45,128
Pop4,23,45,128
Pop4,23,45,128
Pop4,23,45,128
Pop4,23,45,128
Pop4,23,45,128
Pop4,23,45,128
Pop4,23,45,128
Pop4,23,45,128
Pop4,23,45,128
Pop4,23,45,128
Pop4,23,45,128
Pop4,23,45,128
Pop4,23,45,128
Pop4,23,45,128
Pop4,23,45,128
Pop4,23,45,128
Pop4,23,45,128
Pop4,23,45,128
Pop4,23,45,128
Pop4,23,45,128
Pop4,23,45,128
Pop4,23,45,128
Pop4,23,45,128
Pop4,23,45,128
Pop4,23,45,128
Pop4,23,45,128
Pop4,23,45,128
Pop4,23,45,128
Pop4,23,45,128
Pop4,23,45,128
Pop4,23,45,128
Pop4,23,45,128
Pop4,23,45,128
Pop4,23,45,128
Pop4,23,45,128
Pop4,23,45,128
Pop4,23,45,128
Pop4,23,45,128
Pop4,23,45,128
Pop4,23,45,128
Pop4,23,45,128
Pop4,23,45,128
Pop4,23,45,128
Pop4,23,45,128
Pop4,23,45,128
Pop4,23,45,128
Pop4,23,45,128
Pop4,23,45,128
Pop4,23,45,128
Pop4,23,45,128
Pop4,23,45,128
Pop4,23,45,128
Pop4,23,45,128
Pop4,23,45,128
Pop4,23,45,128
Pop4,23,45,128
Pop4,23,45,128
Pop4,23,45,128
Pop4,23,45,128
Pop4,23,45,128
Pop4,23,45,128
Pop4,23,45,128
Pop4,23,45,128
Pop4,23,45,128
Pop4,23,45,128
Pop4,23,45,128
Pop4,23,45,128
Pop4,23,45,128
Pop4,23,45,128
Pop4,23,45,128
Pop4,23,45,128
Pop4,23,45,128
Pop4,23,45,128
Pop4,23,45,128
Pop4,23,45,128
Pop4,23,45,128
Pop4,23,45,128
Pop4,23,45,128
Pop4,23,45,128
Pop4,23,45,128
Pop4,23,45,128
Pop4,23,45,128
Pop4,23,45,128
Pop4,23,45,128
Pop4,23,45,128
Pop4,23,45,128
Pop4,23,45,128
Pop4,23,45,128
Pop4,23,45,128
Pop4,23,45,128
Pop4,23,45,128
Pop4,23,45,128
Pop4,23,45,128
Pop4,23,45,128
